match_id,home_team,away_team,home_goals,away_goals,source
football_data_538129,Chelsea,Nott'm Forest,1,3,Sky Sports
football_data_537164,Cremonese,Lazio,1,2,Sofascore
football_data_537155,Roma,Fiorentina,4,0,Sky Sports
football_data_538130,Everton,Man City,3,3,Sky Sports
football_data_544550,Sevilla,Sociedad,1,0,Mundo Deportivo
football_data_540696,Dortmund,Ein Frankfurt,3,2,ESPN/Reddit match thread
football_data_537168,Torino,Sassuolo,2,1,Sassuolo/Yahoo/Reddit
football_data_544554,Levante,Osasuna,3,2,Cadena SER/El Pais
football_data_542700,Lens,Nantes,1,0,The Guardian
football_data_538140,Liverpool,Chelsea,1,1,ESPN/Reddit match thread
football_data_544556,Elche,Alaves,1,1,The Guardian
football_data_537167,Cagliari,Udinese,0,2,The Guardian
football_data_540699,Augsburg,M'gladbach,3,1,The Guardian
football_data_540698,Hoffenheim,Werder Bremen,1,0,The Guardian
football_data_540701,RB Leipzig,St Pauli,2,1,The Guardian
football_data_540695,Stuttgart,Leverkusen,3,1,The Guardian
football_data_538139,Fulham,Bournemouth,0,1,ESPN/Reddit match thread
football_data_538136,Brighton,Wolves,3,0,ESPN/Reddit match thread
football_data_538135,Sunderland,Man United,0,0,The Guardian
football_data_544558,Sevilla,Espanol,2,1,The Guardian
football_data_537170,Lazio,Inter Milan,0,3,Reddit SportScoreLiveSports
football_data_540694,Wolfsburg,Bayern Munich,0,1,The Guardian
football_data_538141,Man City,Brentford,3,0,The Guardian
football_data_544552,Atletico Madrid,Celta,0,1,Reddit SportScoreLiveSports
football_data_537174,Lecce,Juventus,0,1,Reddit post-match thread
football_data_544557,Sociedad,Betis,2,2,El Pais
football_data_537169,Verona,Como,0,1,The Guardian
football_data_544555,Mallorca,Villarreal,1,1,The Guardian
football_data_538138,Burnley,Aston Villa,2,2,The Guardian
football_data_538137,Crystal Palace,Everton,2,2,The Guardian
football_data_538142,Nott'm Forest,Newcastle,1,1,The Guardian
football_data_537173,Cremonese,Pisa,3,0,The Guardian
football_data_537165,Fiorentina,Genoa,0,0,The Guardian
football_data_540697,Hamburg,Freiburg,3,2,The Guardian
football_data_544551,Ath Bilbao,Valencia,0,1,The Guardian
football_data_540702,FC Koln,Heidenheim,1,3,The Guardian
football_data_538144,West Ham,Arsenal,0,1,The Guardian
football_data_537171,Parma,Roma,2,3,The Guardian
football_data_544559,Real Oviedo,Getafe,0,0,The Guardian
football_data_540700,Mainz,Union Berlin,1,3,The Guardian
football_data_537166,AC Milan,Atalanta,2,3,The Guardian
football_data_542701,Angers,Strasbourg,1,1,The Guardian
football_data_542695,Auxerre,Nice,2,1,The Guardian
football_data_542694,Le Havre,Marseille,0,1,The Guardian
football_data_542697,Metz,Lorient,0,4,The Guardian
football_data_542696,Monaco,Lille,0,1,The Guardian
football_data_542699,PSG,Brest,1,0,The Guardian
football_data_542702,Rennes,Paris FC,2,1,The Guardian
football_data_542698,Toulouse,Lyon,2,1,The Guardian
football_data_544553,Barcelona,Real Madrid,2,0,The Guardian
football_data_537172,Napoli,Bologna,2,3,The Guardian
football_data_538143,Tottenham,Leeds,1,1,The Guardian
football_data_544560,Vallecano,Girona,1,1,The Guardian
polymarket_lal_val_ray_2026_05_14,Valencia,Vallecano,1,1,Cadena SER/El Pais
polymarket_lal_gir_rso_2026_05_14,Girona,Sociedad,1,1,Cadena SER/El Pais
polymarket_lal_rea_ovi_2026_05_14,Real Madrid,Real Oviedo,2,0,Real Madrid/Tribuna
football_data_538146,Aston Villa,Liverpool,4,2,Guardian/Aftonbladet
polymarket_bun_uni_aug_2026_05_16,Union Berlin,Augsburg,4,0,PlayerStats/Match thread
polymarket_sea_juv_fio_2026_05_17,Juventus,Fiorentina,0,2,Gazzetta/PlayerStats
polymarket_sea_udi_cre_2026_05_17,Udinese,Cremonese,0,1,Udinese official/Reddit match thread
polymarket_epl_bre_cry_2026_05_17,Brentford,Crystal Palace,2,2,Tribuna/Reddit post-match thread
polymarket_epl_new_wes_2026_05_17,Newcastle,West Ham,3,1,eScored/AS
polymarket_lal_bil_cel_2026_05_17,Ath Bilbao,Celta,1,1,Cadena SER/Reddit match thread
polymarket_lal_elc_get_2026_05_17,Elche,Getafe,1,0,Europa Press/Cadena SER
polymarket_lal_lev_mal_2026_05_17,Levante,Mallorca,2,0,Europa Press/Sky Sports
polymarket_lal_rso_val_2026_05_17,Sociedad,Valencia,3,4,Valencia CF/Reddit match thread
polymarket_lal_ray_vil_2026_05_17,Vallecano,Villarreal,2,0,Europa Press/Cadena SER
polymarket_lal_bar_bet_2026_05_17,Barcelona,Betis,3,1,Cadena SER/Reddit post-match thread
polymarket_sea_sas_lec_2026_05_17,Sassuolo,Lecce,2,3,Football Italia/Gazzetta
polymarket_fl1_pfc_psg_2026_05_17,Paris FC,PSG,2,1,AS/Reddit post-match thread
polymarket_fl1_lor_hac_2026_05_17,Lorient,Le Havre,0,2,eScored
polymarket_fl1_str_asm_2026_05_17,Strasbourg,Monaco,5,4,Ligue1.com/Reddit match thread
polymarket_fl1_sbr_ang_2026_05_17,Brest,Angers,1,1,Maxifoot/Terrikon
polymarket_epl_ars_bur_2026_05_18,Arsenal,Burnley,1,0,Sky Sports/El Pais
polymarket_epl_bou_mac_2026_05_19,Bournemouth,Man City,1,1,Sky Sports/AP
polymarket_epl_che_tot_2026_05_19,Chelsea,Tottenham,2,1,Chelsea official/Sofascore
espn_esp_1_748523,Alaves,Vallecano,1,2,ESPN scoreboard
espn_esp_1_748517,Celta,Sevilla,1,0,ESPN scoreboard
espn_esp_1_748516,Espanol,Sociedad,1,1,ESPN scoreboard
espn_esp_1_748518,Getafe,Osasuna,1,0,ESPN scoreboard
espn_esp_1_748520,Girona,Elche,1,1,ESPN scoreboard
espn_esp_1_748521,Mallorca,Real Oviedo,3,0,ESPN scoreboard
espn_esp_1_748522,Betis,Levante,2,1,ESPN scoreboard
espn_esp_1_748514,Real Madrid,Ath Bilbao,4,2,ESPN scoreboard
espn_esp_1_748519,Valencia,Barcelona,3,1,ESPN scoreboard
espn_ita_1_737154,Bologna,Inter Milan,3,3,ESPN scoreboard
espn_ita_1_737159,Lazio,Pisa,2,1,ESPN scoreboard
espn_ita_1_737155,Parma,Sassuolo,1,0,ESPN scoreboard
espn_eng_1_740966,Brighton,Man United,0,3,ESPN scoreboard
espn_eng_1_740967,Burnley,Wolves,1,1,ESPN scoreboard
espn_eng_1_740968,Crystal Palace,Arsenal,1,2,ESPN scoreboard
espn_eng_1_740969,Fulham,Newcastle,2,0,ESPN scoreboard
espn_eng_1_740975,Liverpool,Brentford,1,1,ESPN scoreboard
espn_eng_1_740970,Man City,Aston Villa,1,2,ESPN scoreboard
espn_eng_1_740972,Nott'm Forest,Bournemouth,1,1,ESPN scoreboard
espn_eng_1_740973,Sunderland,Chelsea,2,1,ESPN scoreboard
espn_eng_1_740974,Tottenham,Everton,1,0,ESPN scoreboard
espn_eng_1_740971,West Ham,Leeds,3,0,ESPN scoreboard
espn_ita_1_737156,Napoli,Udinese,1,0,ESPN scoreboard
espn_ita_1_737157,AC Milan,Cagliari,1,2,ESPN scoreboard
espn_ita_1_737162,Cremonese,Como,1,4,ESPN scoreboard
espn_ita_1_737160,Verona,Roma,0,2,ESPN scoreboard
espn_ita_1_737163,Lecce,Genoa,1,0,ESPN scoreboard
espn_ita_1_737158,Torino,Juventus,2,2,ESPN scoreboard
espn_esp_1_748515,Villarreal,Atletico Madrid,5,1,ESPN scoreboard
espn_eng_1_401879313,Sunderland,Fulham,1,0,ESPN scoreboard
espn_eng_1_401879317,Chelsea,Brighton,4,3,ESPN scoreboard
espn_ger_1_401884814,Freiburg,Werder Bremen,4,1,ESPN scoreboard
espn_eng_1_401879293,Man United,Ipswich,5,2,ESPN scoreboard
espn_ita_1_401874755,Napoli,Como,1,2,ESPN scoreboard
espn_ita_1_401874742,Lazio,Genoa,1,0,ESPN scoreboard
espn_fra_1_401876480,Monaco,Marseille,2,0,ESPN scoreboard
espn_esp_1_401882905,Celta,Ath Bilbao,0,2,ESPN scoreboard
espn_ita_1_401874945,Lecce,Roma,0,4,Sky Sport final result
espn_esp_1_401882901,Osasuna,Getafe,1,0,LaLiga official final result
espn_eng_1_401879295,Aston Villa,Arsenal,0,1,Sky Sports final result
espn_esp_1_401882867,Sociedad,Celta,0,0,ESPN scoreboard final result
espn_ger_1_401884808,Stuttgart,FC Koln,4,1,ESPN scoreboard final result
espn_esp_1_401882894,Betis,Real Madrid,1,0,ESPN scoreboard final result
espn_fra_1_401876469,PSG,Monaco,1,2,ESPN scoreboard final result
espn_fra_1_401876468,Toulouse,Lille,0,1,ESPN scoreboard final result
espn_eng_1_401879290,Brighton,Leeds,1,1,ESPN scoreboard final result
espn_eng_1_401878780,Nott'm Forest,Tottenham,0,0,ESPN scoreboard final result
espn_ita_1_401874937,Inter Milan,Napoli,3,2,ESPN scoreboard final result
espn_ita_1_401874781,Roma,Atalanta,2,1,ESPN scoreboard final result
espn_fra_1_401876473,Lens,Lorient,0,1,ESPN scoreboard final result
espn_fra_1_401876474,Le Havre,Brest,1,2,ESPN scoreboard final result
espn_eng_1_401879291,Everton,Man United,2,2,Manchester United official final result
espn_esp_1_401882888,Valencia,Barcelona,0,5,LaLiga official final result
espn_eng_1_401879292,Arsenal,Chelsea,2,1,Chelsea official final result
espn_ger_1_401884805,Ein Frankfurt,Augsburg,1,4,Bundesliga official final result
espn_ita_1_401874751,Bologna,Sassuolo,2,2,Bologna official final result
espn_fra_1_401876471,Marseille,Paris FC,2,3,L'Equipe final result
espn_ita_1_401874954,Juventus,AC Milan,1,1,Lega Serie A official final result
espn_esp_1_401882892,Espanol,Sevilla,1,1,LaLiga official final result
espn_ita_1_401874943,Cagliari,Lecce,1,0,Lega Serie A official final result
espn_ger_1_401884796,Freiburg,M'gladbach,5,0,ESPN scoreboard final result
espn_eng_1_401879279,Liverpool,Fulham,0,0,ESPN scoreboard final result
espn_esp_1_401882886,Ath Bilbao,Elche,1,1,ESPN scoreboard final result
espn_eng_1_401879277,Tottenham,Everton,0,0,ESPN scoreboard final result
espn_ita_1_401874979,Atalanta,Cagliari,1,2,Cagliari official final result
espn_ger_1_401884794,Mainz,Ein Frankfurt,1,3,ESPN scoreboard final result
espn_ger_1_401884795,Augsburg,Leverkusen,2,2,ESPN scoreboard final result
espn_esp_1_401882878,Sevilla,Valencia,1,0,LaLiga coverage final result
